Task Name,Total Time,Start Times,End Times
task1,19.549225568771362,[1738775282.669444],[1738775302.2186697]
task2,11.3763587474823,[1738775289.0158606],[1738775300.3922193]
